INSERT INTO `user` (`user_id`, `uid`, `upw`, `nm`, `pic`, `created_at`, `updated_at`)
VALUES (1, '1', '$2a$10$L3vkDjAk7qu/vnGWQw9qDegOz4tXDH3SyHB9H8M63tJUCzHMBJxuC', '유부유부',
        '64440c58-08ac-41ca-89e3-32f8f9b7b059.jpg', '2024-05-16 10:41:25', NULL),
       (2, '2', '$2a$10$L3vkDjAk7qu/vnGWQw9qDegOz4tXDH3SyHB9H8M63tJUCzHMBJxuC', '유부유부',
        '64440c58-08ac-41ca-89e3-32f8f9b7b059.jpg', '2024-05-16 10:41:25', NULL),
       (3, '3', '$2a$10$L3vkDjAk7qu/vnGWQw9qDegOz4tXDH3SyHB9H8M63tJUCzHMBJxuC', '유부유부',
        '64440c58-08ac-41ca-89e3-32f8f9b7b059.jpg', '2024-05-16 10:41:25', NULL),
       (4, '김밥', '$2a$10$I8ohKuX1YjaLkGJSmR20m.LeWzjEJOCyAenlW2uG24AITSpNem7Ry', '김밥',
        'f50576ff-b494-4a68-b911-8ae349053077.png', '2024-05-16 13:10:42', '2024-05-22 11:51:53'),
       (5, '4', '$2a$10$L3vkDjAk7qu/vnGWQw9qDegOz4tXDH3SyHB9H8M63tJUCzHMBJxuC', '유부유부',
        '64440c58-08ac-41ca-89e3-32f8f9b7b059.jpg', '2024-05-16 10:41:25', NULL);

INSERT INTO `feed` (`feed_id`, `writer_id`, `contents`, `location`, `created_at`, `updated_at`)
VALUES (1, 1, '참치김', '대구 중구', '2024-05-16 11:56:00', NULL),
       (2, 2, 'asd', 'asd', '2024-05-16 13:04:18', '2024-05-16 04:09:19'),
       (3, 1, 'ㅁㄴㅇ', 'ㅁㄴㅇ', '2024-05-21 11:04:56', NULL),
       (4, 5, 'ㅁㄴㅇ', 'ㅁㄴㅇ', '2024-05-21 11:04:56', NULL),
       (5, 3, 'ㅁㄴㅇ', 'ㅁㄴㅇ', '2024-05-21 11:04:56', NULL),
       (6, 5, 'ㅁㄴㅇ', 'ㅁㄴㅇ', '2024-05-21 11:04:56', NULL),
       (7, 4, 'ㅁㄴㅇ', 'ㅁㄴㅇ', '2024-05-21 11:04:56', NULL),
       (8, 3, 'ㅁㄴㅇ', 'ㅁㄴㅇ', '2024-05-21 11:04:56', NULL),
       (9, 2, 'ㅁㄴㅇ', 'ㅁㄴㅇ', '2024-05-21 11:04:56', NULL),
       (10, 1, 'ㅁㄴㅇ', 'ㅁㄴㅇ', '2024-05-21 11:04:56', NULL),
       (11, 2, 'ㅁㄴㅇ', 'ㅁㄴㅇ', '2024-05-21 11:04:56', NULL),
       (12, 1, 'ㅁㄴㅇ', 'ㅁㄴㅇ', '2024-05-21 11:04:56', NULL),
       (13, 3, 'ㅁㄴㅇ', 'ㅁㄴㅇ', '2024-05-21 11:04:56', NULL),
       (14, 4, 'ㅁㄴㅇ', 'ㅁㄴㅇ', '2024-05-21 11:04:56', NULL),
       (15, 5, 'ㅁㄴㅇ', 'ㅁㄴㅇ', '2024-05-21 11:04:56', NULL),
       (16, 1, 'ㅁㄴㅇ', 'ㅁㄴㅇ', '2024-05-21 11:04:56', NULL),
       (17, 2, 'ㅁㄴㅇ', 'ㅁㄴㅇ', '2024-05-21 11:04:56', NULL),
       (18, 3, 'ㅁㄴㅇ', 'ㅁㄴㅇ', '2024-05-21 11:04:56', NULL),
       (19, 2, 'ㅁㄴㅇ', 'ㅁㄴㅇ', '2024-05-21 11:04:56', NULL),
       (20, 1, 'ㅁㄴㅇ', 'ㅁㄴㅇ', '2024-05-21 11:04:56', NULL);

INSERT INTO `feed_comment` (`feed_comment_id`, `feed_id`, `user_id`, `comment`, `created_at`, `updated_at`)
VALUES (1, 16, 1, '흔들흔들', '2024-05-16 12:47:15', NULL),
       (2, 16, 2, '흔들흔들', '2024-05-16 12:47:17', NULL),
       (3, 16, 1, '흔들흔들', '2024-05-16 12:47:17', NULL),
       (4, 16, 3, '흔들흔들', '2024-05-16 12:47:18', NULL),
       (5, 16, 4, '유부초밥 맛있어 좋아', '2024-05-16 12:48:13', NULL),
       (6, 16, 5, '유부초밥 맛있어 좋아', '2024-05-16 12:48:15', NULL),
       (7, 16, 1, '유부초밥 맛있어 좋아', '2024-05-16 12:48:16', NULL),
       (8, 16, 2, '유부초밥 맛있어 좋아', '2024-05-16 12:48:16', NULL),
       (9, 16, 4, '유부초밥 맛있어 좋아', '2024-05-16 12:48:16', NULL),
       (10, 17, 3, 'asdasd', '2024-05-16 13:04:22', '2024-05-16 04:11:56'),
       (11, 17, 2, 'asdasd', '2024-05-16 13:04:23', '2024-05-16 04:11:59'),
       (12, 17, 4, 'asdasd', '2024-05-16 13:04:25', '2024-05-16 04:12:02'),
       (13, 17, 5, 'asdasd', '2024-05-16 13:04:25', '2024-05-16 04:12:02'),
       (14, 17, 2, 'asdasd', '2024-05-16 13:04:25', '2024-05-16 04:12:02'),
       (15, 17, 1, 'asdasd', '2024-05-16 13:04:25', '2024-05-16 04:12:02'),
       (16, 17, 1, 'asdasd', '2024-05-16 13:04:25', '2024-05-16 04:12:02'),
       (17, 17, 2, 'asdasd', '2024-05-16 13:04:25', '2024-05-16 04:12:02'),
       (18, 17, 3, 'asdasd', '2024-05-16 13:04:25', '2024-05-16 04:12:02'),
       (19, 17, 2, 'asdasd', '2024-05-16 13:04:25', '2024-05-16 04:12:02'),
       (20, 17, 4, 'asdasd', '2024-05-16 13:04:25', '2024-05-16 04:12:02');

INSERT INTO `feed_favorite` (`feed_id`, `user_id`, `created_at`)
VALUES (1, 4, '2024-05-16 13:00:13'),
       (2, 1, '2024-05-16 11:57:26'),
       (3, 4, '2024-05-16 13:04:26'),
       (4, 2, '2024-05-21 09:51:50'),
       (5, 3, '2024-05-16 13:11:18'),
       (6, 5, '2024-05-16 13:11:18'),
       (7, 1, '2024-05-16 13:11:18'),
       (8, 2, '2024-05-16 13:11:18'),
       (9, 5, '2024-05-16 13:11:18'),
       (10, 3, '2024-05-16 13:11:18'),
       (11, 2, '2024-05-16 13:11:18'),
       (12, 4, '2024-05-16 13:11:18'),
       (13, 4, '2024-05-16 13:11:18'),
       (14, 2, '2024-05-16 13:11:18'),
       (15, 5, '2024-05-16 13:11:18'),
       (16, 1, '2024-05-16 13:11:18'),
       (17, 2, '2024-05-16 13:11:18'),
       (18, 1, '2024-05-16 13:11:18'),
       (19, 2, '2024-05-16 13:11:18'),
       (20, 4, '2024-05-16 13:11:18');

INSERT INTO `feed_pics` (`feed_pics_id`, `feed_id`, `pic`, `created_at`)
VALUES (1, 16, '43e9c7a7-ddf8-43f6-95d0-a3100c77bb5a.png', '2024-05-16 11:56:00'),
       (2, 16, '43e9c7a7-ddf8-43f6-95d0-a3100c77bb5a.png', '2024-05-16 11:56:00'),
       (3, 16, '43e9c7a7-ddf8-43f6-95d0-a3100c77bb5a.png', '2024-05-16 11:56:00'),
       (4, 16, '43e9c7a7-ddf8-43f6-95d0-a3100c77bb5a.png', '2024-05-16 11:56:00'),
       (5, 16, '43e9c7a7-ddf8-43f6-95d0-a3100c77bb5a.png', '2024-05-16 11:56:00'),
       (6, 16, '43e9c7a7-ddf8-43f6-95d0-a3100c77bb5a.png', '2024-05-16 11:56:00'),
       (7, 16, '43e9c7a7-ddf8-43f6-95d0-a3100c77bb5a.png', '2024-05-16 11:56:00'),
       (8, 16, '43e9c7a7-ddf8-43f6-95d0-a3100c77bb5a.png', '2024-05-16 11:56:00'),
       (9, 16, '43e9c7a7-ddf8-43f6-95d0-a3100c77bb5a.png', '2024-05-16 11:56:00'),
       (10, 16, '43e9c7a7-ddf8-43f6-95d0-a3100c77bb5a.png', '2024-05-16 11:56:00'),
       (11, 16, '43e9c7a7-ddf8-43f6-95d0-a3100c77bb5a.png', '2024-05-16 11:56:00'),
       (12, 16, '43e9c7a7-ddf8-43f6-95d0-a3100c77bb5a.png', '2024-05-16 11:56:00'),
       (13, 16, '44788455-2dd6-4002-8e99-9fe9b5132062.jpg', '2024-05-16 11:56:00'),
       (14, 17, '6f6b2164-325b-45e7-88d0-4491f8337e7e.jpg', '2024-05-16 13:04:18'),
       (15, 17, '4f380d3d-ef24-4f9d-b73c-77520e497fe3.png', '2024-05-16 13:04:18'),
       (16, 17, '73c64179-d464-416e-8d30-2d05aef1b257.JPG', '2024-05-16 13:04:18'),
       (17, 18, 'c396191c-66e5-47d0-9d20-e190e4b01d00.jpg', '2024-05-16 13:10:57'),
       (18, 18, 'efec38dc-68a9-41d6-9d26-ebb8ab33e787.png', '2024-05-16 13:10:57'),
       (19, 18, '87d34521-2992-4e9a-823b-55a036113c8a.JPG', '2024-05-16 13:10:57'),
       (20, 19, '2e10034a-9b36-4ad1-ab6b-36714e0df23a.jpg', '2024-05-16 16:52:11'),
       (21, 19, '266447e1-5f9d-4885-9d37-fe4d938601d3.png', '2024-05-16 16:52:11'),
       (22, 19, 'd330098c-8459-426e-8cf9-0420fa389e04.JPG', '2024-05-16 16:52:11');

INSERT INTO `user_follow` (`from_user_id`, `to_user_id`, `created_at`)
VALUES (1, 2, '2024-05-27 10:06:51'),
       (1, 3, '2024-05-27 10:06:51'),
       (1, 4, '2024-05-27 10:06:51'),
       (1, 5, '2024-05-27 10:06:51'),
       (2, 1, '2024-05-27 10:06:51'),
       (2, 4, '2024-05-27 10:06:51'),
       (2, 5, '2024-05-27 10:06:51');